Top queries,Clicks,Impressions,CTR,Position
loko gps tracker,587,1721,34.11%,1.16
loko gps,184,415,44.34%,1.06
loko tracker,150,373,40.21%,1.08
nolilab,95,144,65.97%,1
loko offline gps tracker,94,211,44.55%,1.09
lora p2p,88,1220,7.21%,7.13
loko air,55,305,18.03%,3.66
offline gps tracker,46,3366,1.37%,6.69
gps tracker dogs offline,41,474,8.65%,3.46
gps mas pequeño del mundo,19,793,2.4%,5.25
loco gps tracker,19,303,6.27%,6.14
loco gps,19,268,7.09%,6.17
世界最小gps,16,156,10.26%,4.87
世界最小 gps,15,69,21.74%,4.84
超小型gps チップ,14,86,16.28%,1.78
超小型gps,13,92,14.13%,1.64
loko,12,3056,0.39%,8.68
offline gps device,12,656,1.83%,7.08
el gps mas pequeño del mundo,11,389,2.83%,5.92
loko app,10,1064,0.94%,6.56
offline gps tracker device,10,338,2.96%,6.43
lorawan p2p,10,232,4.31%,8.95
見通し線,9,715,1.26%,6.53
超小型gps シール,9,31,29.03%,5.39
offline tracking device,7,393,1.78%,6.71
lora dog tracker,7,175,4%,8.77
loko track,7,164,4.27%,5.48
小型発信機,7,10,70%,2.4
lora p2p vs lorawan,6,166,3.61%,3.71
gps 超小型,6,90,6.67%,1.69
gps tracker offline,5,918,0.54%,14.52
オフライン gps追跡,5,298,1.68%,8
lora peer to peer,5,203,2.46%,7.37
offline gps logger,5,112,4.46%,7.27
見通し線とは,4,394,1.02%,4.33
gps sin batería,4,270,1.48%,5.99
p2p lora,4,116,3.45%,6.02
gps 最小,4,112,3.57%,6.29
超小型gps チップ 財布,4,27,14.81%,2.59
drone gps tracker,3,913,0.33%,21.61
best gps tracker for farm equipment,3,596,0.5%,12.44
radio line of sight,3,321,0.93%,10.55
worlds smallest gps tracker,3,193,1.55%,10.84
mini gps,3,93,3.23%,1.46
最小 gps,3,46,6.52%,7.89
lora chirp,3,39,7.69%,11.28
超小型 gps,3,21,14.29%,1.81
gpsトラッカー 超小型,3,9,33.33%,1.78
lora,2,315,0.63%,48.82
smallest gps tracker,2,179,1.12%,5.53
offline gps tracking,2,153,1.31%,8.26
world smallest gps tracker,2,128,1.56%,10.95
超小型gps チップ おすすめ,2,106,1.89%,1.15
smallest lora gps tracker,2,70,2.86%,16.34
rastreador gps mas pequeño del mundo,2,67,2.99%,8.27
gpsトラッカー sim不要,2,61,3.28%,20.49
gps pequeño,2,54,3.7%,5.44
最小gps,2,43,4.65%,4.65
rastreadores pequeños,2,36,5.56%,4.31
gps最小,2,35,5.71%,3.86
gps 最小サイズ,2,27,7.41%,1.52
no internet gps tracker,2,27,7.41%,6.81
without internet gps device,2,22,9.09%,7.55
gps 極小,2,15,13.33%,1.73
gps miniatura,2,13,15.38%,2.69
極小gps,2,10,20%,2.2
マモリオ,2,4,50%,2
mini localizador gps,2,2,100%,4
offline tracker,1,1159,0.09%,6.9
gps radio,1,645,0.16%,21.25
offline location tracker,1,592,0.17%,9.99
gps offline tracker,1,268,0.37%,8.67
world's smallest gps tracker,1,263,0.38%,8.36
loco tracker,1,186,0.54%,6.78
características del gps,1,179,0.56%,9.18
world's smallest tracker,1,165,0.61%,10.45
gps loco,1,154,0.65%,14.32
radio gps,1,152,0.66%,25.57
lora modulation type,1,151,0.66%,6.51
lora sf,1,94,1.06%,6.57
lora модуляция,1,86,1.16%,16.29
worlds smallest tracker,1,84,1.19%,6.52
antena gps radio android,1,72,1.39%,1.6
rastreador de drones,1,72,1.39%,4.75
gps largo alcance,1,66,1.52%,9.55
cual es el gps mas pequeño,1,60,1.67%,6.2
lora скорость передачи данных,1,44,2.27%,9.43
gps チップ 超小型,1,36,2.78%,3.36
offline gps tracking app,1,34,2.94%,14.44
sf lora,1,31,3.23%,5.81
señal lora,1,31,3.23%,9.74
tracker offline gps,1,28,3.57%,7.86
offline location tracker app,1,28,3.57%,10.54
lok tracker,1,27,3.7%,6.19
gps tracker without cell service,1,27,3.7%,48.19
lora cr,1,24,4.17%,7.75
gps tracker for phone offline,1,24,4.17%,8.96
lora point to point,1,24,4.17%,8.96
lora cat tracker,1,20,5%,14.45
gps小さい,1,19,5.26%,1.05
lorawan dog tracker,1,19,5.26%,11.11
gpsチップ 最小,1,18,5.56%,2.11
locof gps tracker,1,18,5.56%,11.11
小型gps,1,13,7.69%,2.46
localizador mas pequeño del mundo,1,12,8.33%,4.08
caracteristicas de un gps,1,12,8.33%,10
gps radio android,1,11,9.09%,2
lorap2p,1,8,12.5%,4
lora (long range),1,7,14.29%,7.43
lora / lorawan,1,7,14.29%,8.86
rastreadores gps pequeños,1,6,16.67%,2
rastreador miniatura,1,6,16.67%,2.33
mini gps tracker,1,6,16.67%,4.33
ジーピーエス 小型,1,5,20%,2
gps pequeño para personas,1,5,20%,2.2
gps chico,1,4,25%,1.75
rastreador gps pequeño,1,4,25%,3
gps lokátory,1,3,33.33%,32.33
紛失防止タグ,1,2,50%,2
lorawan gps tracker,1,2,50%,3
薄型 gps 財布,1,2,50%,4
landairsea 54,1,2,50%,32.5
car tracker,1,1,100%,1
gps logger ohne sim,1,1,100%,1
エアタグ 最小,1,1,100%,2
gps invisible,1,1,100%,3
gps espia mini,1,1,100%,6
超 小型 gps シール,1,1,100%,6
紛失防止タグ 小さい,1,1,100%,9
agriculture gps tracking,0,3780,0%,43.16
farm equipment gps tracking,0,2778,0%,30.18
gps tracker for farm equipment,0,1535,0%,28.23
"""drone’s gps signal""",0,1322,0%,10.06
rastreo gps agricultura,0,1136,0%,21.87
farm vehicle tracking,0,1120,0%,49.85
gps tracker for drone,0,1033,0%,21.43
line of sight communication,0,994,0%,31.49
farm equipment tracking devices,0,920,0%,26.88
gps tracker for tractors,0,638,0%,61.79
agriculture tracking system,0,624,0%,48.28
lora lorawan,0,592,0%,39.41
best farm gps,0,516,0%,35.19
affordable tracker software for farm vehicles,0,505,0%,4.7
farm equipment tracking software,0,491,0%,35.94
gps tracker for drones,0,452,0%,20.29
farm equipment tracker,0,451,0%,26.65
gps tracking for tractors,0,438,0%,58.04
offline tracking,0,433,0%,3.13
americaloc gl300w mini portable gps tracker,0,417,0%,11.85
real time farm tracker system,0,414,0%,28.6
farm equipment tracking system,0,413,0%,30.66
line of sight propagation,0,407,0%,51.41
gps farm equipment,0,393,0%,35.74
gps tracking device for farming,0,374,0%,35.08
sistema de geolocalización agrícola,0,367,0%,75.93
gps para agricultura,0,361,0%,89.21
tracker devices for farm,0,305,0%,31.82
rastreo agrícola,0,305,0%,52.82
line of sight radio,0,301,0%,11.39
gps for farm equipment,0,295,0%,58.63
gps tracker for agricultural equipment,0,281,0%,31.39
lorawan frequency,0,278,0%,72.54
tracker for farm equipment,0,265,0%,19.02
cheap gps for tractors,0,261,0%,64.45
lorawan 通信速度,0,256,0%,71.91
farm machinery tracking,0,253,0%,68.98
link-of-sight communication,0,251,0%,55.82
iot p2p,0,250,0%,81.47
farm equipment tracking systems,0,247,0%,20.59
lorawan 距離,0,240,0%,78.37
farm equipment asset tracker,0,223,0%,21.33
line of sight connection,0,221,0%,57.54
inexpensive tractor gps,0,218,0%,48.44
p2p iot,0,215,0%,86.5
line of sight,0,213,0%,53.82
ロラワン,0,211,0%,32.65
geolocalización agrícola,0,211,0%,84.34
gps for farming equipment,0,209,0%,59.8
lorawan,0,206,0%,67.3
agricultural vehicle tracking,0,204,0%,68.54
agriculture gps system,0,202,0%,75.53
geolocalización y características del dispositivo,0,198,0%,15.81
smallest gps tracker in the world,0,197,0%,14.52
scada line of sight,0,196,0%,9.09
farm asset tracking system,0,193,0%,66.17
worlds smallest gps,0,192,0%,14.44
seguimiento por gps para la gestión de flotas,0,191,0%,29.4
where can i find affordable gps solutions for my farm equipment,0,188,0%,5.15
rastreador gps de largo alcance,0,183,0%,8.81
tracker for farming,0,182,0%,32.81
lorawan modulation,0,180,0%,37.56
tracking software for farm vehicles,0,178,0%,27.65
tracking devices for farm equipment,0,178,0%,30.03
line of sight radio communication,0,174,0%,9.84
gps for farm use,0,165,0%,75.88
gps locator for drone,0,154,0%,18.14
agriculture asset tracking,0,154,0%,53.21
lora frequency,0,154,0%,73.21
lora modulation,0,153,0%,44.86
gps tracking device for farm equipment,0,151,0%,35.2
long-range tracking devices,0,144,0%,69.15
localización en tiempo real de maquinaria,0,140,0%,32.91
tracker drones,0,140,0%,41.76
agricultural asset tracking,0,139,0%,50.61
drone tracking device,0,138,0%,22.59
gps de largo alcance,0,137,0%,9.01
lorawan radio,0,133,0%,66.58
fleet management using gps,0,132,0%,74.79
caracteristicas del gps,0,130,0%,10.09
what is p2p in iot with example,0,129,0%,67.16
what is the best tractor gps,0,129,0%,89.16
gps mas pequeño,0,127,0%,14.76
農業用gpsシステム,0,127,0%,56.64
gps without internet,0,124,0%,64.77
tiny gps locator,0,119,0%,59.14
affordable farm tracking systems,0,115,0%,8.72
iot p2p benefits,0,114,0%,37.38
rastreador de largo alcance,0,113,0%,9.22
tractor gps tracking system,0,113,0%,68.04
agricultural gps systems,0,112,0%,70.59
drone gps tracking,0,111,0%,30.25
best tractor gps uk,0,111,0%,53.16
caracteristicas gps,0,110,0%,14.18
affordable tracking devices,0,110,0%,81.26
dispositivos de rastreo de precisión rentables,0,108,0%,34.86
gps tracking for drones,0,107,0%,13.74
tracker for drone,0,107,0%,24.9
gps tracker for a drone,0,105,0%,13.1
tracker offline,0,103,0%,6.85
gps tracker drone,0,103,0%,18.31
line of sight antenna,0,103,0%,33.39
gps tracking range,0,103,0%,63.59
gps tracking radio,0,103,0%,79.63
gps tracker landmaschinen,0,99,0%,10.14
seguimiento de flotas por gps,0,99,0%,60.69
seguimiento flotas gps,0,98,0%,67.22
tough gps trackers,0,98,0%,67.95
americaloc gps tracker,0,97,0%,33.25
gps tracking without network,0,94,0%,42.38
lora gps tracker,0,94,0%,42.9
gps tracker for tractor price,0,94,0%,63.27
iot p2p examples,0,94,0%,71.14
offline gps tracker app,0,93,0%,9.94
características de gps,0,92,0%,10.65
lora tracker,0,92,0%,41.38
gps tracker for tractor,0,92,0%,75.62
gps agrícola,0,91,0%,60.18
gps características,0,89,0%,13.09
gps para tractores,0,89,0%,84.42
小さいgps,0,88,0%,1.06
para qué sirven los satélites,0,86,0%,1
gps,0,85,0%,2.82
what are the options for a wagon tracking system for large farms,0,85,0%,7.13
gps tracking drone,0,85,0%,33.92
land air sea gps tracking key software,0,85,0%,46.72
lora css modulation,0,84,0%,43.31
gps sin costo mensual,0,82,0%,62.11
farm gps,0,81,0%,68.69
cellular radio and a gps radio,0,80,0%,76.56
gps radios,0,79,0%,45.15
affordable track equipment,0,79,0%,58.75
q utilidad tiene el gps,0,79,0%,71.52
best gps tracker for machinery,0,79,0%,84.29
low power gps trackers,0,78,0%,64.81
lora это,0,77,0%,11.79
gps drone tracker,0,77,0%,25.78
precision tracking devices cost effective solutions,0,77,0%,31.66
where can i find agriculture gps for sale,0,77,0%,57.6
lora tracking solution,0,77,0%,68.6
gps tracking device for machinery,0,77,0%,90.27
low energy gps tracker,0,76,0%,11.26
p2p iot device example,0,76,0%,55.88
thinnest tracking device,0,75,0%,38.45
advantages of galileo,0,75,0%,64.31
line of sight system,0,74,0%,19.46
stand alone gps tracker,0,73,0%,36.04
the best gps for tractors,0,72,0%,73
gps para seguimiento de flotas,0,72,0%,86.76
características de un gps,0,71,0%,10.59
navigation security for drones,0,71,0%,68.03
p2p iot devices,0,71,0%,73.03
best gps tracker for drones,0,69,0%,11.23
landairsea activation,0,69,0%,51.07
"what are good alternatives for basic gps tracking when dealing with grain 
trucks",0,68,0%,5.9
tracker drone,0,67,0%,19.49
drones with gps tracking,0,67,0%,37
farmer tracking system,0,67,0%,65.6
tractor gps systems reviews,0,67,0%,76.94
best gps for tractors,0,66,0%,77.02
affordable gps trackers,0,66,0%,78.32
gps tracking app without internet,0,65,0%,10.58
gps tracking fleet management,0,65,0%,89.65
farming gps systems,0,64,0%,85.41
gps 小さい,0,63,0%,1.08
caracteristicas de gps,0,63,0%,12.59
ionosphere altitude,0,63,0%,32.62
americaloc gl300,0,62,0%,31.29
line of sight tower,0,62,0%,56.1
trackers for tractors,0,62,0%,84.34
drones and gps,0,60,0%,61.78
iot connect p2p,0,60,0%,74.92
lorawan long-range capabilities,0,60,0%,87.65
電離層 高度,0,59,0%,11.63
smallest gps,0,59,0%,19.98
radio con gps,0,59,0%,24.66
radio and gps,0,59,0%,41.81
benefits of gps technology,0,59,0%,80.46
小型ジーピーエス,0,58,0%,1.02
loco track,0,58,0%,22.33
seguimiento por gps para flotas,0,57,0%,39.23
rf line of sight,0,57,0%,70.84
radio localizador,0,55,0%,7.58
do drones have gps tracking,0,55,0%,14.22
lorawan とは,0,55,0%,34.4
drone with gps tracking,0,55,0%,35.93
agriculture fleet tracking,0,54,0%,85.54
gps productivity tracker for equipment,0,54,0%,97.59
drone trackers,0,53,0%,53.15
iot connect p2p example,0,53,0%,65.04
rastreo gps de flota,0,53,0%,85.38
los drones tienen gps,0,52,0%,10.35
farm trackers,0,52,0%,22.75
radio positioning system,0,52,0%,28.83
lora wan,0,52,0%,71.94
gps tracking system for equipment,0,52,0%,99.44
radios gps,0,51,0%,30.88
tracking multi device,0,51,0%,62.92
global positioning system farming,0,51,0%,89.37
offline location tracking,0,50,0%,8.7
lora p2p communication,0,50,0%,9.84
gps and radio,0,50,0%,43.78
gps flota,0,50,0%,75.22
rastreador sin internet,0,49,0%,8.8
seguimiento por gps para flotas de vehículos,0,49,0%,86.31
gps mini,0,48,0%,1.23
line of sight radios,0,48,0%,10.38
line-of-sight propagation,0,48,0%,26.98
what is line of sight communication,0,48,0%,38.35
lora peer to peer communication,0,47,0%,6.23
radio gps tracker,0,47,0%,56.13
advantages of a gps,0,47,0%,62.62
gps price for tractor,0,47,0%,75.98
gps long range tracker,0,46,0%,61.22
radio path,0,45,0%,3.02
gps tracking offline,0,45,0%,9.78
drone with gps locator,0,45,0%,22.76
gps locator for camping,0,45,0%,45.91
sistemas gps para tractores,0,45,0%,84.13
gps tracking for machinery,0,45,0%,91.98
smallest gps chip,0,44,0%,38.11
sistema gps agricultura,0,44,0%,66.39
global smallest gps tracking device,0,43,0%,31.74
車両管理 gps,0,43,0%,51.98
gps agricolas,0,43,0%,77.05
securing drone gps systems,0,43,0%,78.63
loko loko app,0,42,0%,8.81
lora сигнал,0,42,0%,14.64
lora signal,0,42,0%,46.4
long range gps tracking device,0,42,0%,71.52
free gps tracker,0,42,0%,82.88
localizador gps largo alcance,0,41,0%,10.41
gps para drone,0,41,0%,31.24
line-of-sight communication,0,41,0%,33.71
lora radio,0,41,0%,36.56
drone tracking gps,0,41,0%,39.39
amcrest gl300w,0,40,0%,9.03
smallest tracker in the world,0,40,0%,14.4
line of sight in communication,0,40,0%,37.77
ドローン gps,0,39,0%,40.85
gps with radio,0,39,0%,44.1
line of sight distance,0,39,0%,68.49
tracker system for farm vehicles,0,38,0%,27.92
agriculture gps systems for sale,0,38,0%,69.26
trackers systems for farm equipment,0,37,0%,22.95
smallest gps drone,0,37,0%,27.65
trackers devices for farm,0,37,0%,32.41
line of sight transmission,0,37,0%,37.03
longest range gps tracker,0,37,0%,50.51
anywhere gps tracker,0,37,0%,52.35
line of site,0,37,0%,53.16
comparison of tracking devices for asset management,0,37,0%,86.62
location tracker offline,0,36,0%,7.81
#loko,0,36,0%,8.89
gps caracteristicas,0,36,0%,17.17
camping gps tracker,0,36,0%,57.44
tractor gps brands,0,36,0%,93.86
drone gps tracking device,0,35,0%,46.09
gps fleet tracking route optimization,0,35,0%,73.57
radio p2p,0,34,0%,10.65
gps features and benefits,0,34,0%,17.26
real time farm tracking devices,0,34,0%,28.94
gps - radio,0,34,0%,38.18
gps tracker board,0,34,0%,59.32
gps tracker gps locator,0,34,0%,68.91
loko air gps tracker product info and reviews,0,33,0%,5.61
real time farm vehicles trackers devices,0,33,0%,23.55
tracking systems for farm vehicles,0,33,0%,27.39
smallest tracking device in the world,0,33,0%,34.27
gps 用途,0,33,0%,68.67
gps tractor cost,0,33,0%,77
p2p iot device,0,33,0%,79.61
dog gps collar for remote areas,0,33,0%,82
"[114993393]loko gps tracker - gps tracker with lora p2p and lorawan - 
ultra-lightweight at only 14 grams reviews",0,32,0%,6.84
lora gps,0,32,0%,43.62
gps tracking for camping,0,32,0%,59.34
tractor gps cost,0,32,0%,77.72
agri gps systems,0,32,0%,84.91
what is line of sight,0,31,0%,45.87
farm equipment compatibility,0,31,0%,71.65
best entry level tractor gps,0,31,0%,87.32
usos gps,0,31,0%,90.58
loko air gps tracker reviews,0,30,0%,4.53
gps 世界最小,0,30,0%,7.57
low cost farm equipment tracking devices,0,30,0%,14.63
real time farm equipment trackers systems,0,30,0%,15.63
gps diminuto,0,30,0%,32.9
real time farm vehicles tracking devices,0,30,0%,34.17
line of sight communications,0,30,0%,35.53
seguimiento de flotas gps,0,30,0%,86.03
gps tracking tabs,0,30,0%,89.7
小さい gps,0,29,0%,3.83
app loko,0,29,0%,8.21
para que sirve lora,0,29,0%,9.79
world's smallest gps tracking device,0,29,0%,10.07
estonia drone companies,0,29,0%,10.59
farm vehicles tracking solution,0,29,0%,34.45
long distance small gps tracking device,0,29,0%,70.79
gps tracking dot,0,29,0%,77.48
gps tracking for fleet management,0,29,0%,97.72
"[114993393]loko gps tracker - gps tracker with lora p2p and lorawan - 
ultra-lightweight at only 14 grams product info and reviews",0,28,0%,5.57
gps tracker na kolo product info and reviews,0,28,0%,7.89
americaloc gl300w gps tracker,0,28,0%,9.46
line of sight in wireless communication,0,28,0%,33.64
radio navigation system,0,28,0%,46.79
lora 無線,0,28,0%,65.54
gps data logger app,0,28,0%,78.82
gps tracking device for tractor,0,28,0%,82.5
smallest gps in the world,0,27,0%,15.11
trackers equipment for farm equipment,0,27,0%,28.41
red lora,0,27,0%,38.37
lora modulation technique,0,27,0%,43.96
приложение gps отслеживание,0,27,0%,61.37
aplicación gps para personal de campo,0,27,0%,67.56
gps tracker online tracking,0,27,0%,78.22
best tractor gps,0,27,0%,83.07
gps fleet management technology,0,27,0%,87.7
gps tracking and fleet management,0,27,0%,90.15
world smallest gps,0,26,0%,11.92
trackers software for farm vehicles,0,26,0%,26.31
smallest gps tracking device,0,26,0%,44.04
wireless line of sight,0,26,0%,48.38
smallest gps transmitter,0,26,0%,57.27
tracker gps tracker,0,26,0%,73.73
difference between line of sight and non line of sight,0,26,0%,81.65
gps para tractores agricolas,0,26,0%,85.42
non line of sight antenna,0,26,0%,88.5
radio tracking,0,25,0%,3.16
real time farm equipment tracker equipment,0,25,0%,18.96
real time farm vehicle tracking units,0,25,0%,33.68
real time farm tracking systems,0,25,0%,37.8
altitude of ionosphere,0,25,0%,39.8
farming gps system,0,25,0%,68.44
drone gps system,0,25,0%,73.04
what are the best gps options for tractor spraying,0,25,0%,75.88
lora 通信,0,25,0%,79.72
gps tracking device definition,0,25,0%,96.36
chirp lora,0,24,0%,8.75
"this radio technology uses satellites to provide positioning information to 
your device",0,24,0%,17.83
lorawanとは,0,24,0%,38.29
gps lokator,0,24,0%,39.42
gps for uav,0,24,0%,64.5
lorawan fleet management,0,24,0%,69.12
long range tracking devices,0,24,0%,73.29
gps tracking solution plans,0,24,0%,91.12
gps fleet tracking for delivery services,0,24,0%,94
lokopus,0,23,0%,3.87
lora vs lorawan,0,23,0%,7.3
tiniest gps tracker,0,23,0%,11.43
line of sight technology,0,23,0%,16
lora comunicaciones,0,23,0%,22.3
world's smallest tracking device,0,23,0%,23.7
farm vehicles tracking unit,0,23,0%,25.87
tracking unit for farm vehicles,0,23,0%,37.83
lightweight gps tracker,0,23,0%,56.7
radio gps navigation,0,23,0%,59.57
implementación de rastreador gps sin complicaciones,0,23,0%,62.57
best gps spraying,0,23,0%,74.48
best handheld gps,0,22,0%,2.18
модуляция lora,0,22,0%,14.95
gps mini drone,0,22,0%,29.36
low cost farm equipment trackers equipment,0,22,0%,29.45
gps on drones,0,22,0%,48.09
tractor gps tracker,0,22,0%,71.32
gps tracking device with no monthly fee,0,22,0%,86.18
tractor tracking systems,0,22,0%,88.32
"the straight line travel of radio signals between the transmitting radio 
and the receiving radio is referred to as _____ communication.",0,21,0%,6.67
lora gps tracker news,0,21,0%,8.57
locotrack hubs,0,21,0%,10.43
drone with gps tracker,0,21,0%,33.62
modulation lora,0,21,0%,34.95
tractor gps tracker price,0,21,0%,52.05
online gps locator,0,21,0%,73.43
lora通信,0,21,0%,85.62
gps трекер работает без интернета,0,20,0%,8.55
world's smallest gps,0,20,0%,10.8
the smallest gps tracker,0,20,0%,11.8
locotags,0,20,0%,41.9
localizador gps para maquinaria,0,20,0%,49.35
発信機 超小型,0,19,0%,1.11
chip localizador gps pequeño,0,19,0%,1.37
gps超小型,0,19,0%,1.53
rastreador pequeño,0,19,0%,12.32
gps tracker drohne,0,19,0%,22.84
gps device without internet,0,19,0%,24.37
altura de la ionosfera,0,19,0%,31.74
line of sight range,0,19,0%,40.05
cheap tractor gps australia,0,19,0%,45.84
line of sight wireless,0,19,0%,51.32
lora protocol,0,19,0%,52.79
łóko,0,19,0%,56.63
does gps use radio waves,0,19,0%,65.74
lora devices,0,19,0%,66.95
where can i find agriculture gps systems for sale,0,19,0%,72.63
gps tracker gps tracker,0,19,0%,78.63
mejor sistema gps,0,19,0%,88.89
gps para aves pequeñas,0,18,0%,2.11
what role does gps play in how drones fly?,0,18,0%,4.61
lora что это,0,18,0%,14.28
what is the smallest gps tracker,0,18,0%,15.89
farm vehicle tracker solution,0,18,0%,34.72
real time farm vehicles tracking,0,18,0%,56.61
what is line of sight internet,0,18,0%,80.67
loko222,0,17,0%,7.71
lora частота,0,17,0%,13.18
low cost farm vehicles tracking system,0,17,0%,16.24
lora частоты,0,17,0%,21.41
what is a gps drone,0,17,0%,35.59
land air sea gps tracking key,0,17,0%,54.12
農業用gps,0,17,0%,57.12
gps tracker lora,0,17,0%,60.88
the smallest tracking device,0,17,0%,68.18
wilderness gps tracker,0,17,0%,73.06
locators gps,0,17,0%,73.88
geolocalización agricultura,0,17,0%,82.94
long-range lorawan devices,0,17,0%,97.94
drone gps folower,0,16,0%,10.62
no loco,0,16,0%,20.5
tracker gps drone,0,16,0%,31.38
farm vehicles trackers solutions,0,16,0%,32.12
loco track primary,0,16,0%,35.06
drone seguimiento,0,16,0%,35.62
drone gps,0,16,0%,39.75
loko.com,0,16,0%,44.25
drone with tracking device,0,16,0%,48.81
gps agricola,0,16,0%,52.56
drone gps tracker app,0,16,0%,54.75
tractor gps tracking,0,16,0%,71.25
glonass applications,0,16,0%,71.56
drone tracking systems,0,16,0%,72.62
gps lokátor,0,16,0%,74.44
gps tracker for property,0,16,0%,74.69
benefits of a gps,0,16,0%,76.19
gps tracker program,0,16,0%,79.19
iot p2p network,0,16,0%,82.62
lorawan signal,0,16,0%,83.19
non line of sight propagation,0,16,0%,87.12
line of sight network,0,16,0%,89.75
ionosfera,0,15,0%,1
loko website,0,15,0%,7.8
gnss tracker app,0,15,0%,8.67
modulacion lora,0,15,0%,9.53
gps tracker offline app,0,15,0%,10.4
lora модуляція,0,15,0%,12
uav gps tracker,0,15,0%,16.13
drone tracker device,0,15,0%,20.47
direct line of sight,0,15,0%,32.27
дщкф,0,15,0%,33.73
real time farm vehicle tracking,0,15,0%,52.4
rastreo de flota,0,15,0%,55.13
lorawan proximity tracker,0,15,0%,64.87
gps receiver farm manager,0,15,0%,79.07
lo ra,0,15,0%,79.73
best gps tracker for tractor,0,15,0%,82.87
gps 超 小型,0,14,0%,1.21
位置情報 タグ 小さい,0,14,0%,2.36
見通し距離とは,0,14,0%,3.29
do drones have trackers,0,14,0%,8.93
para que se suelen usar los drones con gps,0,14,0%,9.71
lora tracker news,0,14,0%,10.36
lorawan частота,0,14,0%,13.29
real time farm equipment trackers,0,14,0%,16.71
gps and wireless communication tools,0,14,0%,17.64
gps sin bateria,0,14,0%,26.64
amcrest gl300w gps tracker,0,14,0%,28.79
gps tracker,0,14,0%,40.86
gps lo,0,14,0%,50.5
見通し距離,0,14,0%,59
long range gps tracking chip,0,14,0%,67.57
non line of sight communication,0,14,0%,71.14
gps 長距離,0,13,0%,2.69
how does the ionosphere affect gps?,0,13,0%,9
how does the ionosphere affect gps,0,13,0%,9.31
americaloc gl300w,0,13,0%,11
lora p2p example,0,13,0%,18.08
lowstar gps,0,13,0%,32.15
lora変調,0,13,0%,37.69
lorawan что это,0,13,0%,38
top rated gps tracking for excavators and dozers,0,13,0%,42.38
tracker unit,0,13,0%,49.77
locator gps,0,13,0%,50.85
versatile tractor gps,0,13,0%,56.92
cheap tractor gps,0,13,0%,68.31
smallest gps tracking,0,13,0%,68.46
gps in drones,0,13,0%,68.54
drone geolocation,0,13,0%,69.77
tractor tracking device,0,13,0%,78.08
iot p2p connect example,0,13,0%,79.31
gps tracker gps,0,13,0%,79.54
gps tracker and app,0,13,0%,80.15
increase radio strength,0,13,0%,89.77
geo gps track,0,13,0%,90.54
equi tracker,0,13,0%,90.77
gps for machinery,0,13,0%,95.77
loko.,0,12,0%,3.67
notila tracker,0,12,0%,6.5
見通し外通信,0,12,0%,7.33
rastreador gps sin internet,0,12,0%,8.33
offline tracker app,0,12,0%,9.17
affordable trackers software for farm,0,12,0%,9.83
line in radio,0,12,0%,10.92
p2p radio,0,12,0%,11.25
loco tracking,0,12,0%,13.58
real time farm trackers devices,0,12,0%,23.58
line-of-sight communication examples,0,12,0%,23.75
americaloc gps,0,12,0%,33.75
lora y lorawan,0,12,0%,36.5
portable gps tracking for agriculture,0,12,0%,36.67
thinnest gps tracker,0,12,0%,37
real time farm vehicles tracking system,0,12,0%,38.92
loca gps tracker,0,12,0%,40.83
loconav gps tracker,0,12,0%,42.67
galileo gps tracker,0,12,0%,42.92
ドローン 追跡,0,12,0%,43
farm settlement tracking software,0,12,0%,50.33
gps free tracker,0,12,0%,51.58
smallest gps locator,0,12,0%,51.92
how far can radio signals travel,0,12,0%,53.17
gl300w gps tracker,0,12,0%,61.83
lora modulation basics,0,12,0%,62.33
line of sight adalah,0,12,0%,63.33
farm equipment gps,0,12,0%,70.33
tiniest tracking device,0,12,0%,71.67
gps tracking without phone,0,12,0%,74.67
lora bandwidth,0,12,0%,75.25
control de flotas por gps,0,12,0%,76
long life tracker,0,12,0%,80.33
smallest rugged waterproof gps tracker,0,12,0%,83.25
best tractor gps system,0,12,0%,86.25
燃費管理 gps,0,12,0%,96
lokos live,0,11,0%,1.09
gps mas pequeño del mercado,0,11,0%,4.45
"loko air - gps tracker with lora p2p and lorawan - ultra-lightweight at 
only 14 grams product info and reviews",0,11,0%,7.55
compare equipment tracking systems pricing us,0,11,0%,11.36
lora fm,0,11,0%,13
the loko,0,11,0%,15.27
gps 寿命,0,11,0%,16.36
gps para drones,0,11,0%,18.73
low cost farm vehicle tracking,0,11,0%,19.27
localizador gps mas pequeño del mercado,0,11,0%,20.82
farm tracking technology,0,11,0%,28
real time farm vehicle tracking unit,0,11,0%,31.09
lightest gps tracker,0,11,0%,36.18
radio with gps,0,11,0%,52.73
drone camera gps tracker,0,11,0%,56.82
vhf line of sight,0,11,0%,71.09
lora data rate,0,11,0%,71.55
buy gps for tractor,0,11,0%,72.27
long lasting tracking device,0,11,0%,75.09
track with gps,0,11,0%,75.73
gps transmitters,0,11,0%,79.82
para qué es la lora,0,11,0%,81.73
sistemas gps de tractor para fumigar,0,11,0%,90
gps tracking device no monthly fee,0,11,0%,93.27
tractor gps options,0,11,0%,94.82
gps tracking alternatives for grain trucks,0,10,0%,5.4
line of sight communication examples,0,10,0%,6.7
cheap farm equipment trackers devices,0,10,0%,11.6
lora is,0,10,0%,14
gps トラッカー sim,0,10,0%,23.7
best drone tracker,0,10,0%,29.2
loko power,0,10,0%,34.9
mini drone gps,0,10,0%,34.9
open gps tracker,0,10,0%,35.8
long range child locator,0,10,0%,39.9
shopify gps tracking,0,10,0%,42.6
antenna line of sight,0,10,0%,44.7
ドローンgps,0,10,0%,45.3
long range tracking,0,10,0%,45.6
comunicacion lora,0,10,0%,47.1
line of sight satellite,0,10,0%,51
gps locator,0,10,0%,54.8
drone vehicle tracking,0,10,0%,58.7
radio line of sight map,0,10,0%,60.2
lora通信とは,0,10,0%,60.9
noli agricultura,0,10,0%,73.3
lora tracker kopen,0,10,0%,76.7
aparatos con gps,0,10,0%,78.2
gps трекер отслеживание,0,10,0%,80.3
tracker for tractor,0,10,0%,80.8
gps tracker tracking,0,10,0%,83.9
what is p2p in iot?,0,10,0%,86.9
tracking app gps,0,10,0%,87.8
direct line coding,0,9,0%,1
gps de bolsillo,0,9,0%,1
gps 大きさ,0,9,0%,1
ionosphere,0,9,0%,1.22
lora vs lorawan difference,0,9,0%,2.22
gps チップ 小型,0,9,0%,3.44
company,0,9,0%,7.78
lora принцип работы,0,9,0%,7.78
line of sight frequency,0,9,0%,9
lora связь,0,9,0%,12.89
spreading factor lora,0,9,0%,15.22
cheap farm equipment trackers,0,9,0%,17.67
do drones have tracking devices,0,9,0%,17.67
lorawan point to point,0,9,0%,17.67
gps device for car without internet,0,9,0%,24.78
gps tracker without network,0,9,0%,25.11
line of sight rf,0,9,0%,30.33
tracker farm,0,9,0%,31.44
frecuencia lora,0,9,0%,32.67
gps radio waves,0,9,0%,35.11
open source gps tracker android,0,9,0%,35.33
lora frecuencia,0,9,0%,36.56
gps equipos precios,0,9,0%,38.44
trak4 gps tracker,0,9,0%,39.22
farm gps systems,0,9,0%,49
local gps,0,9,0%,51.11
venta de sistemas de guia gps agricola,0,9,0%,52
lokos,0,9,0%,55.33
cheap gps for tractor,0,9,0%,61.33
gps libre,0,9,0%,65.11
lokesan app,0,9,0%,65.78
enhance radio strength,0,9,0%,71.11
gps locator tracking,0,9,0%,78
tracker life,0,9,0%,82.78
affordable gps tracking devices,0,9,0%,84.67
open source gps tracking platform,0,9,0%,94.33
advantages of gps tracking devices,0,9,0%,97.44
小さなgps,0,8,0%,1.12
mini gps con micrófono oculto,0,8,0%,2.38
"(real-time performance alerts) and (agricultural and farm machinery) 
after:2021-12-01 before:2023-11-30",0,8,0%,6.38
tracker app without internet,0,8,0%,7
how does the ionosphere affect gps signals,0,8,0%,8.75
lora para que sirve,0,8,0%,9
css lora,0,8,0%,9.88
"loko air - gps tracker with lora p2p and lorawan - ultra-lightweight at 
only 14 grams reviews",0,8,0%,10
"the straight line travel of radio signals between the transmitting radio 
and the receiving radio",0,8,0%,10.62
radio location system,0,8,0%,11.38
lorawan qué es,0,8,0%,12
gps tracker radio,0,8,0%,15.62
comparacion gps,0,8,0%,16.88
tiny gps tracker,0,8,0%,25.38
車両追跡システム,0,8,0%,29.12
lora point to point communication,0,8,0%,29.5
drone tracking,0,8,0%,43.25
gps for drones,0,8,0%,44.25
lora and lorawan,0,8,0%,45.88
drone with tracker,0,8,0%,46
drone com gps,0,8,0%,46.5
gps enabled drone,0,8,0%,46.88
tracking offline,0,8,0%,47.88
drone car tracker,0,8,0%,50.12
lora 無線 とは,0,8,0%,52.38
unmanned aerial system gps,0,8,0%,56.88
lora waveform,0,8,0%,57.12
loca gps,0,8,0%,57.25
gps finder,0,8,0%,58.25
gps communication,0,8,0%,62.75
smallest gps tracking devices,0,8,0%,62.88
gps do ula,0,8,0%,63.38
top dispositivos de rastreo satelital para ganado,0,8,0%,67.25
lora 通信速度,0,8,0%,69.38
dog gps tracker with map,0,8,0%,70.5
control room design for gps tracking,0,8,0%,71
gps tracking online,0,8,0%,71.88
gps small,0,8,0%,75.88
sistema de rastreo de flotas,0,8,0%,77.88
ドライバー位置追跡 システム,0,8,0%,83
gps tracker tool,0,8,0%,83.12
luna gps,0,8,0%,84
drone tracking technology,0,8,0%,86.62
gps tracking low cost,0,8,0%,87.12
lora протокол,0,8,0%,92.38
gps tracker for lawn equipment,0,8,0%,93.62
secure p2p iot,0,8,0%,93.62
tecnología lorawan españa,0,8,0%,95.12
gps asset tracking with no monthly fee,0,8,0%,96
mini rastreador gps,0,7,0%,1.14
path radio,0,7,0%,1.71
what are the key differences between lora and lorawan,0,7,0%,2
"line of sight/obstructions give an example of this. how would you explain 
this to a customer?",0,7,0%,2.14
line of sight radio waves,0,7,0%,2.71
antena gps para radio android,0,7,0%,2.86
radio and navigation devices,0,7,0%,3
low cost farm vehicles trackers unit,0,7,0%,5.14
locotracker,0,7,0%,6.57
line of sight definition,0,7,0%,7
line of sight principle,0,7,0%,7.57
dron tracker,0,7,0%,8.29
definition of line of sight in telecommunications,0,7,0%,9.14
gps mas,0,7,0%,9.29
gps tracker ø´ø±ø­,0,7,0%,9.86
lora передача данных,0,7,0%,10.14
gps para dron,0,7,0%,12.57
loko video,0,7,0%,17.71
this radio technology uses satellites to provide,0,7,0%,21.14
spreading factor in lora,0,7,0%,25.14
galileo tracker,0,7,0%,27.57
localizador gps pequeño,0,7,0%,27.57
linea de vista,0,7,0%,32.43
drone flight tracker,0,7,0%,32.86
price of trackers software for farm,0,7,0%,33.29
lorawan spreading factor,0,7,0%,35.29
lorawan это,0,7,0%,38.57
reliable drone navigation solutions,0,7,0%,41.43
追跡 ドローン,0,7,0%,45
gl300w,0,7,0%,45.57
gps tracker with long range,0,7,0%,46.29
qué es lora,0,7,0%,50.29
lorawan bitrate,0,7,0%,50.86
loctracker,0,7,0%,54
range of gps,0,7,0%,55
lora device,0,7,0%,55.14
tracking device smallest,0,7,0%,57.14
low range gps,0,7,0%,57.57
range tracker,0,7,0%,58.29
how to set up a lorawan network,0,7,0%,64.71
gps tracker yuntrack,0,7,0%,68.14
gps outdoor tracker,0,7,0%,71
lightbug zero,0,7,0%,71
affordable gps,0,7,0%,72.29
is vhf line of sight,0,7,0%,73
ローラワン,0,7,0%,73
lorawan frequencies,0,7,0%,74.43
agricultural tracking,0,7,0%,76.29
pros of gps,0,7,0%,76.29
home gps tracker,0,7,0%,76.86
track stick gps,0,7,0%,79.43
gps tracker device no monthly fee,0,7,0%,80.43
monitoreo de maquinaria agrícola,0,7,0%,83
seguimiento flotas,0,7,0%,83.71
air gps tracker,0,7,0%,86.71
lorawan privacy,0,7,0%,86.86
benefits of gps system,0,7,0%,88.71
tracking for,0,7,0%,90
cheap gps tracker for car no monthly fee,0,7,0%,91.86
lora channels,0,7,0%,92.71
lora antenna,0,6,0%,1
lora module,0,6,0%,1
offline device tracker,0,6,0%,1
radio nav,0,6,0%,1
the gps device in an automobile uses which communication channel,0,6,0%,1
マイクロ gps,0,6,0%,1
define line of sight,0,6,0%,1.33
radio lines,0,6,0%,1.67
gps pequeños para personas,0,6,0%,2
loco track gps,0,6,0%,2.67
lorawan vs lora,0,6,0%,2.67
difference between lora and lorawan,0,6,0%,2.83
radio con gps para coche,0,6,0%,4.67
loco lab,0,6,0%,6
lok0,0,6,0%,6.33
locomap,0,6,0%,6.67
lokoin,0,6,0%,6.67
radios con gps,0,6,0%,6.83
trackholo,0,6,0%,6.83
para que sirve el lora,0,6,0%,7.33
lora gps news,0,6,0%,7.83
сигнал lora,0,6,0%,8
lora дальность связи,0,6,0%,10.5
p2pとは,0,6,0%,10.5
lora spread factor,0,6,0%,10.83
gps modernos,0,6,0%,11.17
radio based navigation system,0,6,0%,12
offline tracking app,0,6,0%,13.33
лора связь,0,6,0%,13.5
lora bitrate,0,6,0%,14.17
lora dispositivos,0,6,0%,16.83
jlekong gps tracker,0,6,0%,19.33
lora/lorawan,0,6,0%,19.67
cheap tracker software for farm,0,6,0%,23.33
conclusion of gps,0,6,0%,23.33
manufacturing,0,6,0%,25.83
smallest tracking device,0,6,0%,28.33
what is line of sight propagation,0,6,0%,28.83
tiny location tracker,0,6,0%,31.33
low cost tracking software for farm equipment,0,6,0%,33.83
receptor gps,0,6,0%,35
radio features,0,6,0%,38.67
comunicaciones lora,0,6,0%,38.83
gps tracker france,0,6,0%,41.5
lora 周波数,0,6,0%,42
how far can a radio signal travel,0,6,0%,45.83
farm vehicles tracking company,0,6,0%,47.67
tracker lora,0,6,0%,48.17
long tracker,0,6,0%,50.83
gps tracker configuration tool,0,6,0%,53.67
tracker gps open source,0,6,0%,54.67
gpsトラッカーとは,0,6,0%,56.83
tracker r app,0,6,0%,57.83
lora speed,0,6,0%,59.83
radios line,0,6,0%,62
tracker gps small,0,6,0%,62.5
gps trackers with long battery life,0,6,0%,63.67
gps tracker online miami,0,6,0%,67
wifi location tracking open source,0,6,0%,69.17
smallest tracking device available,0,6,0%,70.33
rastreador internet,0,6,0%,71.33
does gps need line of sight,0,6,0%,74
portable tractor gps,0,6,0%,75.83
gps location tracker,0,6,0%,76.5
lora radio frequency,0,6,0%,78
gps tracker gps tracker gps tracker,0,6,0%,79.5
small tool gps tracking,0,6,0%,79.5
pinpoint drone,0,6,0%,85.5
build gps,0,6,0%,87.67
gps tracker for laptop free download,0,6,0%,87.67
gps tracking device app,0,6,0%,88.5
real-time gps tracking systems with easy installation,0,6,0%,89
tool gps locator,0,6,0%,89.5
gps tracking no monthly fee,0,6,0%,94.33
vehicle tracking systems comparison,0,6,0%,99
gps + glonass o gps + galileo garmin,0,5,0%,1
lora communication protocol,0,5,0%,1
micro gps,0,5,0%,1
mini localizador gps para personas,0,5,0%,1
追跡装置 小型,0,5,0%,1
マイクロgps,0,5,0%,1.2
rastreador gps mini,0,5,0%,1.6
mini gps rastreador,0,5,0%,1.8
light of sight,0,5,0%,2
características de el gps,0,5,0%,3.4
lora vs lorawan differences,0,5,0%,3.4
gps タグ 最小,0,5,0%,3.6
what is the best gps asset tracking system for high-value equipment?,0,5,0%,4
rastreadores mundiales,0,5,0%,7.8
tabby loko,0,5,0%,8.2
radio line in,0,5,0%,8.6
tootmine,0,5,0%,10.8
gps tracker works without internet,0,5,0%,11.4
電離層高度,0,5,0%,11.4
lorawan частоты,0,5,0%,12.2
noli rae,0,5,0%,12.6
linea de vision,0,5,0%,12.8
what is lora communication,0,5,0%,13.2
noli app,0,5,0%,17.4
lora pet tracker,0,5,0%,22
tracker software for farm vehicles,0,5,0%,24.2
gps трекер без интернета,0,5,0%,25.4
lora spreading factor,0,5,0%,28.2
gps beneficios,0,5,0%,28.4
no loko,0,5,0%,29.8
lora technology,0,5,0%,30.2
drones de seguimiento,0,5,0%,30.8
rastreo agricola,0,5,0%,31.4
gps no tracker,0,5,0%,31.8
gps in drone,0,5,0%,33.2
p2p iot platform,0,5,0%,33.2
lorawan дальность,0,5,0%,33.4
lora chirp spread spectrum,0,5,0%,41.6
gps lab,0,5,0%,42.2
loconav gps,0,5,0%,45.2
gps локер,0,5,0%,46.8
radius gps tracker,0,5,0%,48
drone companies,0,5,0%,48.4
gps 車両管理,0,5,0%,49
farm trackers software,0,5,0%,51.2
appeui,0,5,0%,53.8
spot trace battery life,0,5,0%,54.4
radio navigation systems,0,5,0%,55.6
gps on drone,0,5,0%,57.6
propagacion ionosferica,0,5,0%,59.4
localizador gps sim,0,5,0%,60.2
open source tracker,0,5,0%,60.2
loc tracker,0,5,0%,60.6
lora bandwidth vs range,0,5,0%,62.2
long range mini gps tracker,0,5,0%,63.6
lora gps tracking,0,5,0%,65
lorawan data rate,0,5,0%,66
yellowbrick gps tracker,0,5,0%,66.6
gps es,0,5,0%,67.6
inexpensive gps tracking devices,0,5,0%,69
gps tracking devices for lawn equipment,0,5,0%,69.4
modulacion en amplitud am,0,5,0%,69.6
loca tracker,0,5,0%,71.4
smallest gps tracker device,0,5,0%,71.8
ionosfera caracteristicas,0,5,0%,73.4
gpstracker,0,5,0%,73.8
long range tracker device,0,5,0%,74.2